title,genres,overview,tmdb_id
Inception,Sci-Fi|Thriller|Action,A thief enters dreams to plant ideas while facing his own past.,27205.0
Interstellar,Sci-Fi|Drama|Adventure,Explorers travel through a wormhole to save humanity from extinction.,157336.0
The Dark Knight,Action|Crime|Drama,Batman faces the Joker as chaos engulfs Gotham City.,155.0
The Matrix,Sci-Fi|Action,A hacker discovers reality is a simulation and joins a rebellion.,603.0
The Shawshank Redemption,Drama|Crime,A banker forms an enduring friendship while serving a life sentence.,278.0
Fight Club,Drama|Thriller,An office worker starts an underground club that grows beyond control.,550.0
Forrest Gump,Drama|Romance,A kind-hearted man witnesses key moments in modern American history.,13.0
Pulp Fiction,Crime|Drama,Intertwined crime stories unfold in nonlinear fashion in Los Angeles.,680.0
The Godfather,Crime|Drama,A mafia family transitions power to the next generation.,238.0
The Godfather Part II,Crime|Drama,Parallel stories show a young Don and his son maintaining empire.,240.0
The Lord of the Rings: The Fellowship of the Ring,Fantasy|Adventure|Action,A hobbit begins a quest to destroy a ring of immense power.,120.0
The Lord of the Rings: The Two Towers,Fantasy|Adventure|Action,The fellowship is broken while war rises across Middle-earth.,121.0
The Lord of the Rings: The Return of the King,Fantasy|Adventure|Action,The final battle for Middle-earth decides the fate of all.,122.0
Avatar,Sci-Fi|Adventure|Action,A marine on Pandora is torn between duty and a new world.,19995.0
Titanic,Romance|Drama,A love story unfolds aboard the doomed ocean liner Titanic.,597.0
Gladiator,Action|Drama|History,A Roman general seeks justice after betrayal and tragedy.,98.0
The Avengers,Action|Sci-Fi|Adventure,Earth's mightiest heroes unite against an alien invasion.,24428.0
Avengers: Infinity War,Action|Sci-Fi|Adventure,The Avengers battle Thanos before he collects all infinity stones.,299536.0
Avengers: Endgame,Action|Sci-Fi|Adventure,Surviving heroes attempt a final mission to undo devastation.,299534.0
Iron Man,Action|Sci-Fi,A billionaire engineer builds a powered suit after captivity.,1726.0
Doctor Strange,Action|Fantasy|Sci-Fi,A surgeon discovers mystic arts after a career-ending accident.,284052.0
Black Panther,Action|Sci-Fi|Adventure,The king of Wakanda faces a rival with a claim to the throne.,284054.0
Spider-Man: Homecoming,Action|Sci-Fi|Adventure,A young Spider-Man balances school life and superhero duties.,315635.0
Spider-Man: No Way Home,Action|Sci-Fi|Adventure,Spider-Man's identity exposure causes multiverse chaos.,634649.0
Joker,Crime|Drama|Thriller,A struggling comedian descends into madness in Gotham.,475557.0
Parasite,Thriller|Drama,A poor family infiltrates a wealthy household with unexpected consequences.,496243.0
Whiplash,Drama|Music,A drummer endures extreme training under a relentless instructor.,244786.0
La La Land,Romance|Drama|Music,A musician and actress fall in love while chasing dreams.,313369.0
Mad Max: Fury Road,Action|Adventure|Sci-Fi,Survivors flee a tyrant across a post-apocalyptic wasteland.,76341.0
Dune,Sci-Fi|Adventure|Drama,A gifted heir navigates politics and destiny on a desert planet.,438631.0
Dune: Part Two,Sci-Fi|Adventure|Drama,Paul unites desert tribes to challenge galactic powers.,693134.0
The Social Network,Drama,The rise of Facebook sparks legal and personal conflicts.,37799.0
The Imitation Game,Drama|History|Thriller,Alan Turing leads codebreakers during World War II.,205596.0
The Prestige,Drama|Mystery|Thriller,Two rival magicians obsess over outperforming each other.,1124.0
Memento,Mystery|Thriller,A man with memory loss hunts his wife's killer.,77.0
Shutter Island,Thriller|Mystery,A marshal investigates a psychiatric hospital disappearance.,11324.0
The Silence of the Lambs,Thriller|Crime,An FBI trainee seeks help from a brilliant imprisoned killer.,274.0
Se7en,Crime|Thriller|Mystery,Detectives hunt a serial killer inspired by seven deadly sins.,807.0
The Departed,Crime|Thriller|Drama,An undercover cop and a mole race to expose each other.,1422.0
Good Will Hunting,Drama|Romance,A gifted janitor confronts his past through therapy.,489.0
The Grand Budapest Hotel,Comedy|Drama|Adventure,A concierge and lobby boy become entangled in a murder mystery.,120467.0
The Wolf of Wall Street,Comedy|Crime|Drama,A stockbroker's rise is fueled by greed and excess.,106646.0
The Truman Show,Drama|Comedy,A man discovers his life is a globally broadcast reality show.,37165.0
The Revenant,Drama|Adventure|Western,A frontiersman fights for survival after a brutal betrayal.,281957.0
1917,War|Drama,Two soldiers race against time to deliver a critical message.,530915.0
Top Gun: Maverick,Action|Drama,Maverick trains elite pilots for a high-risk mission.,361743.0
Oppenheimer,Drama|History,The story of J. Robert Oppenheimer and the atomic bomb project.,872585.0
Barbie,Comedy|Adventure|Fantasy,Barbie leaves Barbieland for a journey of identity.,346698.0
Everything Everywhere All at Once,Sci-Fi|Comedy|Action,A woman explores multiple universes to save reality and family.,545611.0
The Batman,Crime|Mystery|Action,Batman uncovers corruption while tracking a serial killer.,414906.0
3 Idiots,Comedy|Drama,"Three engineering students navigate friendship, pressure, and the meaning of success.",
Dangal,Drama|Sport|Biography,A former wrestler trains his daughters to become world-class champions.,
PK,Comedy|Drama|Sci-Fi,An alien questions social beliefs and human behavior in India.,
Bajrangi Bhaijaan,Drama|Adventure,A devoted man helps a lost child reunite with her family across borders.,
Lagaan,Drama|Sport|History,Villagers challenge British officers to a cricket match to avoid heavy taxes.,
Swades,Drama,A scientist returns to India and rediscovers purpose through rural change.,
Taare Zameen Par,Drama|Family,A teacher helps a child with dyslexia unlock his true potential.,
Zindagi Na Milegi Dobara,Drama|Comedy|Adventure,Three friends take a life-changing road trip across Spain.,
Queen,Comedy|Drama,A woman embarks on a solo honeymoon and discovers independence.,
Andhadhun,Crime|Thriller|Comedy,A pianist pretending to be blind becomes entangled in a murder mystery.,
Gangs of Wasseypur,Crime|Drama|Action,A multi-generational crime saga unfolds through rivalry and revenge.,
Kabir Singh,Romance|Drama,A brilliant but troubled surgeon spirals after heartbreak.,
War,Action|Thriller,An elite soldier is assigned to hunt his former mentor.,
Pathaan,Action|Thriller|Adventure,An exiled agent returns to stop a large-scale national threat.,
Jawan,Action|Thriller|Drama,A vigilante with a personal mission challenges corruption and power.,
Drishyam,Crime|Thriller|Drama,A family man uses sharp planning to protect his loved ones.,
Bhool Bhulaiyaa,Comedy|Horror|Mystery,A family estate reveals eerie secrets wrapped in humor and suspense.,
Border,War|Drama|Action,Indian soldiers hold a desert outpost during a crucial wartime battle.,
Sultan,Drama|Sport|Action,A wrestler seeks redemption in both his career and personal life.,
Dilwale Dulhania Le Jayenge,Romance|Drama,A timeless love story battles tradition and family expectations.,
Shershaah,War|Drama|Biography,The life and sacrifice of Captain Vikram Batra during the Kargil War.,
Chak De! India,Drama|Sport,A disgraced hockey player coaches the national women's team.,
Munna Bhai M.B.B.S.,Comedy|Drama,A lovable gangster enrolls in medical college for his father.,
Sanju,Drama|Biography,A biographical drama tracing the turbulent life of actor Sanjay Dutt.,
Bhaag Milkha Bhaag,Drama|Sport|Biography,The story of sprint legend Milkha Singh and his resilience.,
Padmaavat,Drama|History|Romance,"A queen, a king, and a ruthless invader collide in medieval India.",
Krrish,Sci-Fi|Action|Adventure,A young man discovers extraordinary powers and becomes a superhero.,
Ra.One,Sci-Fi|Action,A game villain enters the real world to hunt its creator's son.,
Don,Action|Thriller|Crime,A lookalike is pulled into a dangerous underworld deception.,
Om Shanti Om,Romance|Drama|Fantasy,A junior artist is reborn to fulfill unfinished love and revenge.,
Ghajini,Action|Thriller|Mystery,A man with short-term memory loss hunts his lover's killers.,
Kal Ho Naa Ho,Romance|Drama|Comedy,A cheerful stranger transforms the lives of a troubled family.,
Veer-Zaara,Romance|Drama,A cross-border love story survives politics and separation.,
My Name Is Khan,Drama|Romance,A man with Asperger's undertakes a journey across America after tragedy.,
Rockstar,Drama|Music|Romance,An aspiring singer's heartbreak fuels his rise and downfall.,
Yeh Jawaani Hai Deewani,Romance|Drama|Comedy,Friends reunite years after a life-changing mountain trip.,
Baahubali: The Beginning,Action|Adventure|Drama,A young man discovers his royal lineage and a kingdom's past.,
Baahubali 2: The Conclusion,Action|Adventure|Drama,The saga of Mahishmati reaches its epic final confrontation.,
RRR,Action|Drama|History,Two revolutionaries forge friendship while fighting colonial rule.,
Pushpa: The Rise,Action|Crime|Drama,A laborer's rise in the red sandalwood smuggling syndicate.,
Ala Vaikunthapurramuloo,Action|Drama|Comedy,A man uncovers the truth about his birth and family identity.,
Arjun Reddy,Romance|Drama,A brilliant surgeon spirals after a painful breakup.,
Maharshi,Drama|Action,A corporate leader returns to support farmers in his village.,
Rangasthalam,Drama|Action|Thriller,A hearing-impaired man battles corruption in a rural village.,
Pokiri,Action|Crime|Thriller,An undercover cop infiltrates a powerful crime network.,
Magadheera,Action|Fantasy|Romance,Reincarnated lovers confront enemies from a previous life.,
Eega,Fantasy|Action|Comedy,A murdered man returns as a fly to seek revenge.,
Athadu,Action|Thriller,A hitman assumes a new identity after a political assassination.,
Jersey,Drama|Sport,A former cricketer returns to the game for his son.,
Sye,Action|Sport|Drama,College students unite through rugby against local goons.,
Gabbar Singh,Action|Comedy,A quirky police officer takes on a ruthless criminal.,
Enthiran,Sci-Fi|Action|Thriller,A humanoid robot turns dangerous after gaining emotions.,
2.0,Sci-Fi|Action,A scientist revives his robot creation to tackle a new threat.,
Vikram,Action|Thriller|Crime,A black-ops commander investigates murders tied to a drug cartel.,
Master,Action|Thriller|Drama,An alcoholic professor confronts a juvenile prison gangster.,
Kaithi,Action|Thriller,An ex-con races through one night to save police officers.,
Ponniyin Selvan: I,Drama|History|Adventure,A messenger enters Chola politics amid conspiracies and war.,
Ponniyin Selvan: II,Drama|History|Adventure,Power struggles intensify as dynastic secrets are revealed.,
Visaranai,Crime|Drama|Thriller,A stark tale of custodial violence and institutional abuse.,
Asuran,Action|Drama,A farmer fights caste oppression to protect his family.,
96,Romance|Drama,Former school sweethearts reconnect at a reunion after decades.,
Anniyan,Action|Thriller|Psychological,A man with multiple personalities punishes social corruption.,
Sivaji,Action|Drama|Comedy,A software magnate fights black money and systemic corruption.,
Thuppakki,Action|Thriller,An army officer dismantles a sleeper-cell terror network.,
Mersal,Action|Thriller|Drama,A magician seeks revenge tied to corruption in healthcare.,
Jai Bhim,Drama|Crime,A lawyer fights for justice in a landmark custodial case.,
Drishyam 2,Crime|Thriller|Drama,The family faces renewed danger years after a hidden crime.,
Premam,Romance|Drama|Comedy,A man's life unfolds through three different phases of love.,
Bangalore Days,Drama|Romance|Comedy,Three cousins move to Bangalore and discover adulthood.,
Manichitrathazhu,Psychological|Horror|Drama,A haunted mansion reveals a layered psychological mystery.,
Kumbalangi Nights,Drama|Family,Four estranged brothers rebuild family bonds by the backwaters.,
Ustad Hotel,Drama|Family,A young chef learns life lessons through his grandfather's eatery.,
Charlie,Drama|Romance|Adventure,A free-spirited artist changes the life of a curious woman.,
Memories,Crime|Thriller|Mystery,An alcoholic cop hunts a serial killer with ritual patterns.,
Mumbai Police,Crime|Thriller,A police officer investigates a murder linked to his own past.,
Lucifer,Action|Thriller|Crime,A mysterious power broker rises after a political leader's death.,
2018,Drama|Thriller|Survival,Ordinary people unite during Kerala's devastating floods.,
Nayattu,Crime|Thriller|Drama,Three police officers go on the run in a political manhunt.,
Ayyappanum Koshiyum,Drama|Thriller|Action,An ego clash between a cop and an ex-soldier escalates dangerously.,
Minnal Murali,Action|Comedy|Fantasy,A tailor gains superhero powers after being struck by lightning.,
Bramayugam,Horror|Mystery|Drama,A wandering singer enters an ominous mansion with dark secrets.,
Rocky Aur Rani Kii Prem Kahaani,Comedy|Drama|Family|Romance,"Gym-freak brat Rocky falls in love with Rani, who comes from a well-educated Bengali family. Being from polar opposite worlds, the two decide to switch their families to adjust to each other's cultures and backgrounds and to know if their marriage will survive. Rocky and Rani are trapped in a world where they are united by love but divided by families and the ultimate question is will they fit in?",848116.0
Dhurandhar: The Revenge,Action|Crime|Thriller,"As rival gangs, corrupt officials and a ruthless Major Iqbal close in, Hamza's mission for his country spirals into a bloody personal war where the line between patriot and monster disappears in the streets of Lyari.",1582770.0
Dhurandhar,Action|Crime|Thriller,"A mysterious traveler slips into the heart of Karachi's underbelly and rises through its ranks with lethal precision, only to tear the notorious ISI-Underworld nexus apart from within.",1291608.0
Accused,Thriller|Mystery|Drama,"When a celebrated queer doctor in London is accused of sexual misconduct, her life unravels. Now under a storm of suspicion and scrutiny, her marriage fractures and the truth blurs. Her wife must decide whether to walk away, or fight for the woman the world is turning against.",1389149.0
Like Stars on Earth,Drama,"Ishaan Awasthi is an eight-year-old whose world is filled with wonders that no one else seems to appreciate. Colours, fish, dogs, and kites don't seem important to the adults, who are much more interested in things like homework, marks, and neatness. Ishaan cannot seem to get anything right in class; he is then sent to boarding school, where his life changes forever.",7508.0
War 2,Action|Thriller,"Years ago Agent Kabir went rogue, became India’s greatest villain ever.  As he descends further into the deepest shadows... India sends its deadliest, most lethal agent after him, Agent Vikram  A Special Units Officer who is more than Kabir’s equal and a relentless Terminator driven by his own demons, determined to put a bullet into Kabir’s skull.",1109086.0
Saiyaara,Romance|Drama|Music,"Two artistic souls find harmony through music despite their contrasting worlds. As feelings deepen, age and circumstances challenge their undeniable bond.",1241634.0
12th Fail,Drama,"Based on the true story of IPS officer Manoj Kumar Sharma, 12th Fail sheds limelight on fearlessly embracing the idea of restarting the academic journey despite the setbacks and challenges and reclaiming one's destiny at a place where millions of students attempt the world's toughest competitive exam: UPSC.",1163258.0
Mom,Crime|Drama|Thriller,"After her stepdaughter is sexually assaulted at a party, a furious mother sets out to destroy the lives of the four perpetrators who walked free.",404604.0
The Kashmir Files,History|Drama,"Based on a true tragedy, the emotionally triggering film sheds light on the plight of Kashmiri Pandits (Hindus), a religious minority in the 1990s Kashmir valley, who were compelled to flee their homes by the Islamic militants.",900783.0
Animal,Action|Crime|Drama,The hardened son of a powerful industrialist returns home after years abroad and vows to take bloody revenge on those threatening his father's life.,781732.0
Fighter,Action|Drama,"As India faces a militant attack in Kashmir, the country’s best combat aviators join forces under a reckless yet brilliant squadron leader to form 'Air Dragons', faces mortal dangers and their inner demons.",784651.0
Aashiqui 2,Drama|Romance,"A young woman meets a failing musician who launches her singing career, but their relationship is doomed when people assume he's with her for her fame and fortune.",192558.0
Kill,Action|Crime|Thriller|Drama,"When an army commando finds out his true love is engaged against her will, he boards a New Dehli-bound train in a daring quest to derail the arranged marriage. But when a gang of knife-wielding thieves begin to terrorize innocent passengers on his train, the commando takes them on, one by one.",1160018.0
Dunki,Adventure|Comedy|Drama,"Four friends from a sleepy little village in Punjab share a common dream: to go to England. Their problem is that they have neither the visa nor the ticket. A soldier alights from a train one day, and their lives change. He gives them a soldier's promise: He will take them to the land of their dreams. What follows is a hilarious and heartwarming tale of a perilous journey through the desert and the sea, but most crucially through the hinterlands of their mind.",960876.0
Baazigar,Crime|Thriller,A young man with a vendetta against a business tycoon seduces and kills his eldest daughter and then proceeds to his younger daughter but she begins to suspect her new lover's ulterior motive.,19657.0
Kuch Kuch Hota Hai,Romance|Drama|Comedy,"Per her mother's last wish, an 8 year old girl sets out to reunite her father with his college best friend who was in love with him.",11854.0
Mohabbatein,Drama|Romance,"At a prestigious all-male university, three friends seek love outside of the school grounds; at the same time, a newly-hired music teacher seeks to befriend and loosen up the militantly strict headmaster.",11518.0
Sikandar,Action|Drama,A tragic accident pushes the powerful Sikandar to protect the less fortunate by standing up to corruption and greed — using any means necessary.,1257960.0
Deva,Action|Thriller|Mystery|Crime,"Dev Ambre, a ruthless cop, loses his memory in an accident just after he has finished solving a murder case and now has to reinvestigate it while keeping his memory loss a secret from everyone except DCP Farhan Khan.",1195430.0
Uri: The Surgical Strike,Action|Drama|War,"Following the roguish terrorist attacks at Uri Army Base camp in Kashmir, India takes the fight to the enemy, in its most successful covert operation till date with one and only one objective of avenging their fallen heroes.",554600.0
Raees,Thriller|Action|Crime,"Set in the early ’80s and ’90s in Gujarat, India, ‘Raees’ is a fictitious story of a crime lord named Raees, who builds an entire empire from scratch, and a police officer who is determined to bring him down.",363343.0
Chennai Express,Romance|Comedy|Action,"Rahul embarks on a journey to a small town in Tamil Nadu to fulfill the last wish of his grandfather: to have his ashes immersed in the Holy water of Rameshwaram. En route, he meets a woman hailing from a unique family down South. As they find love through this journey in the exuberant lands of South India, an unanticipated drive awaits them.",205022.0
Kaho Naa... Pyaar Hai,Romance|Drama|Action|Comedy,"Sonia and Rohit love each other but Rohit is mysteriously killed. When Sonia moves to New Zealand, she meets Raj, Rohit's lookalike who helps her trace Rohit's killer.",16987.0
Vivah,Romance|Drama,"Poonam, a traditionally brought-up young woman, is to marry Prem, a groom chosen by her uncle. Poonam and Prem's faith and love are to be tested however, when an accident occurs and Poonam might be scarred for life.",33142.0
Sholay,Action,"After his family is slain by the notorious bandit Gabbar Singh, former Inspector Thakur Baldev Singh enlists low-level outlaws Jai and Veeru to capture Gabbar and seek revenge.",12259.0
Dilwale,Crime|Action|Comedy,Raj is a Mafia member. One day he meet a girl (Meera) while chasing by his rival gang and falls in love with her. Later he finds out that this girl is the daughter of the leader of his rival gang. Yet their love story continues until he was shot by his girlfriend upon a deep misunderstanding. After that incident these two lovers lives separate until their siblings fallen in love. With this new love story their paths intertwines again.,370665.0
Lagaan: Once Upon a Time in India,Adventure|Drama|History,"The year is 1893 and India is under British occupation. In a small village, the tyrannical Captain Russell has imposed an unprecedented land tax on its citizens. Outraged, Bhuvan, a rebellious farmer, rallies the villagers to publicly oppose the tax. Russell offers a novel way to settle the dispute: he challenges Bhuvan and his men to a game of cricket, a sport completely foreign to India. If Bhuvan and his men can defeat Russell's team, the tax will be repealed.",19666.0
Koi... Mil Gaya,Science Fiction|Action|Adventure,A developmentally disabled boy's life changes after he encounters an extraterrestrial being.,25516.0
Chhaava,History|Action|Drama,"Shivaji's death sparks the Maratha-Mughal conflict. His son Sambhaji leads resistance against Aurangzeb's forces. Amid battles and intrigue, both sides face challenges in a struggle for power.",1196943.0
Main Hoon Na,Drama,"An army major goes undercover as a college student. His mission is both professional and personal: to protect his general's daughter from a radical militant, and to find his estranged half-brother.",14134.0
Ready,Action|Comedy,"Prem believes Sanjana is the girl chosen by his dad and falls in love with her. However, she is a runaway bride escaping from a marriage set up by her mafia uncles against her wishes. On learning the truth, he devises a plan to win her over from her uncles who intend to usurp her huge inheritance.",65946.0
Sooryavanshi,Action|Crime|Thriller,"A fearless, faithful albeit slightly forgetful Mumbai cop, Veer Sooryavanshi, the chief of the Anti-Terrorism Squad in India pulls out all the stops and stunts to thwart a major conspiracy to attack his city.",592508.0
Brahmāstra Part One: Shiva,Action|Adventure|Fantasy,"The story of Shiva – a young man on the brink of an epic love, with a girl named Isha. But their world is turned upside down when Shiva learns that he has a mysterious connection to the Brahmāstra... and a great power within him that he doesn’t understand just yet - the power of Fire.",496331.0
Baghban,Drama,"After dedicating their whole life in upbringing their children, elderly couple Raj Malhotra and Pooja gets homeless. Instead of caring, their children treat them as a burden.",39839.0
Karan Arjun,Action|Thriller,Karan and Arjun reincarnate in the different parts of the country. But the faith of their previous mother brings them together in order to avenge their death.,93519.0
Gangubai Kathiawadi,Crime|Drama|History,"Duped and sold to a brothel, a young woman fearlessly reclaims her power, using underworld connections to preside over the world she was once a pawn in.",664332.0
Jewel Thief - The Heist Begins,Action|Thriller,"In this high-octane battle of wits and wills, ingenious con artist Rehan devises a diamond heist while trying to outsmart Rajan, his sadistic adversary.",1225915.0
Devdas,Drama|Romance,"In 1900s India, Calcuttan zamindar Devdas Mukherjee — unable to marry his lover — takes up alcohol and the company of a courtesan to alleviate the pain.",15917.0
Sarfarosh,Action|Drama,"When terrorists kill a cop's brother and disable his father, he fights back against the smuggling of guns and drugs which plagues his country.",31524.0
Tumbbad,Fantasy|Horror,"India, 1918. On the outskirts of Tumbbad, a cursed village where it always rains, Vinayak, along with his mother and his brother, care of a mysterious old woman who keeps the secret of an ancestral treasure that Vinayak gets obsessed with.",538858.0
Dhoom Dhaam,Comedy,"On their wedding night, an oddball couple is thrust into a chaotic chase, dodging goons and cops in a frenzied hunt for the mysterious ""Charlie.""",1201012.0
Kalki 2898-AD,Drama|Action|Fantasy|Science Fiction,"In the year 2898 AD, around 6000 years after Kurukshetra war, Ashwatthama gears up for his final battle of redemption at the sign of hope in a dystopian world and Bhairava, a wisecracking and self-interested bounty hunter, tired of the perilous life becomes the hurdle in the process.",801688.0
Bāhubali: The Beginning,Action|Drama,"The young Shivudu is left as a foundling in a small village by his mother. By the time he’s grown up, it has become apparent that he possesses exceptional gifts. He meets the beautiful warrior princess Avanthika and learns that her queen has been held captive for the last 25 years. Shividu sets off to rescue her, discovering his own origins in the process.",256040.0
Bāhubali 2: The Conclusion,Action|Adventure|Fantasy,"When Mahendra, the son of Bāhubali, learns about his heritage, he begins to look for answers. His story is juxtaposed with past events that unfolded in the Mahishmati Kingdom.",350312.0
Devara: Part 1,Action|Drama,"Devara, a fearless man from a coastal region, embarks on a perilous journey into the treacherous world of the sea to safeguard the lives of his people. Unbeknownst to him, his brother Bhaira is plotting a conspiracy against him. As events unfold, Devara passes on his legacy to his mild-mannered and timid son, Varada.",811941.0
Hi Nanna,Drama|Family|Romance,"Six-year-old Mahi, a spirited child with cystic fibrosis, shares a deep yet complex bond with her father, Viraj, a dedicated single parent and successful fashion photographer. Her curiosity about her absent mother leads to a journey of discovery when she runs away with her loyal dog, Pluto. A chance encounter with a kind woman named Yashna sparks unexpected revelations, intertwining their lives in ways they never anticipated. Set against a backdrop of love, sacrifice, and redemption, Mahi’s story is a heartfelt exploration of family, resilience, and the enduring power of connection.",1068452.0
Salaar: Part 1 - Ceasefire,Action|Crime|Drama,"Set in the fictional dystopian city-state of Khansaar, the film follows the friendship between Deva, a tribesman, and Varadha, the prince of Khansaar. When a coup d'état is planned by his father's ministers and his relatives, Varadha enlists Deva's help to become Khansaar's undisputed ruler.",770906.0
Pushpa 2 - The Rule,Action|Drama|Thriller|Crime,"As his smuggling empire grows, a brazen Pushpa longs for power and respect on his vengeful journey, while facing old rivals and new.",857598.0
Saaho,Action|Adventure|Thriller,"A battle for power ensues as warring gangters thrive to gain possession of a ""black box"" that can make them richer than they already are, and an undercover cop intervenes with the help of his sharp intellect and an instinct to kill.",454292.0
Sita Ramam,History|Romance|Drama,"Afreen, a rebellious Pakistani student sets ablaze the car of an Indian in London. Angered Afreen returns to Pakistan to ask for money from her grandfather that she has to pay in a month's time as damages. However, she gets to know that he is no more and the only thing he has left for her is a letter-delivering task, written by Ram to Sita. As Afreen sets out to find Ram, there begins her journey of discovering the secret behind the 20-year-old letter.",894803.0
Businessman,Action|Crime,"Just as the cops have declared the end of Mafia in Mumbai, a man named Surya arrives in the city with the intentions of conquering it.",83889.0
HIT: The Third Case,Crime|Thriller|Action,The Homicide Intervention Team (HIT) sends ruthless police officer Arjun Sarkaar to find a group of killers and stop their grisly murder spree.,1060046.0
DJ: Duvvada Jagannadham,Action|Comedy|Crime,"A righteous young man who helps everyone gain their rightful justice, gets recruited as an undercover agent to work on a high profile case that involves a crime lord working for a corrupt minister who also happens to be the father of his romantic interest.",443635.0
Lucky Baskhar,Thriller|Crime|Drama,A cash-strapped bank cashier embarks on a risky investment scheme and soon gets drawn into the murky world of money laundering.,1239511.0
Geetha Govindam,Romance,"Vijay Govind, a young college lecturer who dreams of marriage falls for Geetha, a level-headed woman who's wary of strangers and isn't easy to convince. While things seem to go smoothly, Vijay makes a terrible mistake which not only derails any hope for his love story, but also potential repercussions with his family.",540468.0
Sarileru Neekevvaru,Action,A tough army major is deployed to Kurnool on a mission to keep the country safe from external threats.,607313.0
Race Gurram,Comedy|Action,"Ram and Lakshman, aka Lucky, are brothers who are polar opposites in nature. Their mother wishes to see them united.",262227.0
1: Nenokkadine,Action|Thriller|Mystery,A rock star must overcome his psychological inhibitions to seek revenge for his parents' death.,249772.0
Yevadu,Action|Thriller,"Satya is given a different face after he suffers burn-related injuries. After being released from the hospital, he deals with the murderer of his lover Deepti. But his new face has given him new foes.",215248.0
Son of Satyamurthy,Drama|Action|Comedy|Family,"The son of a rich businessman struggles to save his father's wealth after his demise. However, he faces many challenges when he becomes the sole breadwinner of his family.",333876.0
Dookudu,Action|Comedy|Thriller,"To protect his father recovering from a coma, a relentless cop must pose as the political leader his father always envisioned while hunting the men who tried to kill him.",80276.0
Bharat Ane Nenu,Drama|Action,"Bharat, a graduate from Oxford, is forced to take up his father's position as the chief minister after his sudden demise. He is not happy with the way government is functioning in the state and tries to reform the corrupt society but faces obstacles from his enemies.",501987.0
V,Action|Crime|Thriller,"A celebrated cop, DCP Aditya, faces his toughest challenge when a taunting serial killer begins targeting victims and leaving notes meant for him. Teaming with an aspiring crime novelist, he must stop four more murders to save his medals, career, and reputation while uncovering the killer's past.",683342.0
Khaleja,Action|Fantasy|Comedy,"A village is hounded by an unknown disease, decimating its population. The village priest prophesies that God's avatar will save them. Siddha goes in search of this supernatural potential and finds it in Seetarama Raju, a cab driver.",56986.0
Oopiri,Drama|Family|Romance,A true story of two men who should never have met – a quadriplegic aristocrat who was injured in a paragliding accident and a young man from the projects.,369925.0
The Ghazi Attack,Action|War|Thriller|History,India’s first underwater war film tries to decode the mystery behind the sinking of Pakistani submarine PNS Ghazi during the Indo-Pak war of 1971.,442405.0
Srimanthudu,Action|Drama,"Harsha, a multi-millionaire guy who has everything but there is something else he's looking for and in the process he adopts a complete village trying to bring change in the people.",353533.0
Manam,Comedy|Drama|Fantasy|Family,"A married couple die in an accident, leaving behind a son. As he grows up and becomes successful, he comes across reincarnations of his father and mother as youngsters, and vows to bring them back together.",253533.0
Mahanati,Drama|History,"Mahanati depicts the life and career of one of Telugu cinema's greatest and most iconic starlets, the first Indian female super star, Savitri.",459713.0
HIT: The First Case,Crime|Thriller|Action,"Vikram Rudraraju is a 30-year-old cop working for the Telangana State Police. While Vikram is battling with his own traumatic past, the stakes get high when a girl called Preethi mysteriously disappears in Hyderabad and Vikram has to solve the case at any cost.",678391.0
Red,Crime|Mystery|Thriller,"When civil engineer Siddharth is arrested for a murder on the basis of a pictorial evidence, cops discover his lookalike Aditya and realize they have only 48 hours to solve the case.",681435.0
Agent Sai Srinivasa Athreya,Crime|Comedy|Mystery,"Agent Sai Srinivasa Athreya is a brilliant, underrated detective from Nellore who runs an agency called FBI which sees no business. He gets more than what he asked for when a case happens to fall right into his lap out of nowhere.",610482.0
Rebel,Action,"After his parents are brutally murdered, a man goes on a quest to find his parents' killers. He finds that his own uncle is involved in the killings.",135870.0
Amaran,Action|Drama|Adventure|War,"A heroic true story of Major Mukund Varadarajan, an Indian Army officer who displayed extraordinary bravery during a counterterrorism mission in Kashmir’s Shopian district. The film captures his courage in protecting his nation and the devotion of his wife Indhu Rebecaa Varghese.",927342.0
Leo,Action|Crime|Thriller,"Parthiban, a cafe owner, lives with his family in Himachal Pradesh. Things take an absurd turn for him when he gets in the way of a drug cartel.",949229.0
Theri,Action|Crime|Thriller,"When an honest cop, Vijay Kumar's family is ruthlessly slaughtered by a politician and his aides, he decides to change his identity and commits his life to bring his daughter up in a serene atmosphere. But some freak events end up compromising his identity and what he does to save his daughter and avenge the death of his family unfurls as Theri.",370076.0
Maharaja,Action|Thriller|Mystery,"A barber seeks vengeance after his home is burglarized, cryptically telling police his ""Lakshmi"" has been taken, leaving them uncertain if it's a person or object, jeer at his request until they learn what they're really looking for.",1118224.0
Nanban,Comedy|Drama,"The plot of the film illustrates the embankment of two friends on a quest for a lost buddy, who was once an optimistic and successful student. On their journey, they recount their college life and special moments that the three shared up until their lost friend secretly parted ways after convocation. During their quest, the two encounter a rival classmate who once made a long forgotten bet with them, a funeral that goes impossibly out of control, and a wedding they must crash.",69537.0
Coolie,Action|Thriller|Crime,"Deva, once living a quiet life, is shaken when his close friend dies under suspicious circumstances. Determined to uncover the truth, he infiltrates a powerful gang operating in the shadows. As he investigates, Deva becomes entangled in a dangerous web of crime, betrayal, and secrets from his own past, forcing him to confront powerful enemies while protecting the ones he loves.",1153399.0
Super Deluxe,Comedy|Thriller|Drama|Crime,"An unfaithful newly-wed wife, an estranged parent, a priest and an angry son suddenly find themselves in the most unexpected predicaments, each poised to experience their destiny, all on one fateful day.",432011.0
I,Thriller|Action|Romance,A deformed hunchback kidnaps a bride and holds her hostage while his connection to her and his targets is revealed in a series of flashbacks that unfold as he starts seeking revenge.,263471.0
Padayappa,Drama|Action,"Padayappa, a mechanical engineer whose father gives up his property to his foster brother, and then dies of shock soon after. Neelambari initially loves Padayappa, but plans to humiliate him after his family humiliates her father. The rest of the plot deals with Padayappa overcoming all the obstacles placed by Neelambari.",47940.0
Soorarai Pottru,Drama|Action,"Nedumaaran Rajangam ""Maara"" sets out to make the common man fly and in the process takes on the world's most capital intensive industry and several enemies who stand in his way.",595228.0
Sarkar,Action|Drama,"NRI corporate Sundar Ramasamy comes to India to vote, only to learn that his vote has already been cast. While he reclaims his right legally, it also sets in motion a chain of events that eventually lead to him entering the political fray, trying to change the system.",504231.0
Yavarum Nalam,Mystery|Horror,"Manohar and his family move into a new apartment on the 13th floor. However, their peace is disturbed by a spirit that uses the television set as a medium to communicate with them.",19950.0
Varisu,Action|Adventure,"Vijay, The prodigal son of business tycoon Rajendran agrees to take over the reins of the business, much to the chagrin of his brothers. But can Vijay prove himself to be a worthy varisu and also reunite his now-broken family?",835017.0
Ponniyin Selvan: Part I,Action|Adventure|History,"The Chola kingdom is under threat from forces both internal and external, and with crown prince Aaditha Karikalan, his younger brother Arunmozhi Varman and the emperor, Sundara Cholar separated by situations, it is up to a messenger to ensure the safety of the kingdom. Can he succeed in his mission, especially with Karikalan's former girlfriend, Nandhini, plotting to bring down the entire Chola empire?",660046.0
Ratsasan,Thriller|Crime|Mystery,"A serial killer is murdering school girls, and a newbie cop has to track him down before the victim count increases.",412862.0
Sivaji: The Boss,Action|Drama,"A wealthy engineer arrives in India with the mission of serving the nation and investing in the country's welfare but is met with strong opposition from corrupt officials and politicians. After being faced with insurmountable hardships, he decides to take drastic measures.",24049.0
Karnan,Drama|Action,"Karnan, an angry young man, fights for the rights of his oppressed people. Can he save them from those who wield power and weapons?",680652.0
Ponniyin Selvan: Part II,Action|Adventure|History|Drama,"968 AD. The Pandyan assassins gather once again to destroy the Chola dynasty. Now the mighty Chola princes must fight the Pandyas, the Rashtrakutas and other Chola enemies who have joined forces. Also, at play are the rumours of Ponniyin Selvan’s death at sea, the powerful Pazhuvettarayar’s betrayal, and the tragic destiny of Aditha Karikalan, whose heart was long lost to the vengeful Nandini.",858082.0
Ayan,Action|Romance|Comedy,"Deva works for Arumugam, a smuggler, who has taken care of him for many years. However, when his best friend gets killed, Deva decides to help the police to nab a dangerous drug lord.",20049.0
Vada Chennai,Action|Crime|Drama,"Anbu, a young carrom player in North Chennai becomes inadvertently involved in an ongoing conflict between two local gangsters.",410331.0
Jailer,Action|Crime|Thriller|Comedy|Adventure,"Muthuvel Pandian, a retired, stern yet compassionate jailer lives a peaceful life with his family, but trouble knocks his door when his cop son’s tryst with an antique mafia gang goes awry and forces Muthu to step back into a dark world he had voluntarily took a break from.",937020.0
Bigil,Drama|Action|Family,"A do-gooder don wants his footballer son to uplift the life of his people by becoming a champion, but fate draws the youngster into a life of violence. Will he be able to fulfill his father’s dream when an opportunity comes his way seven years later?",563309.0
Thiruchitrambalam,Romance|Drama|Comedy,A guy-next-door tries to find romance in his life while also dealing with his personal problems. How long will it be before he realises what he is looking for is right next to him?,858067.0
Beast,Action|Adventure|Thriller,"A former RAW officer, who is among the hostages in a mall taken over by terrorists, has to foil their plans and prevent the government from releasing a dreaded terrorist, who he had helped put in prison at great personal cost.",800383.0
Pokkiri,Action|Crime|Romance|Comedy,"Amidst gang warfare and police crackdowns, mob hitman Tamizh falls for Shruthi, a nice girl unaware of his true identity. But she may not be the only one Tamizh is hiding secrets from...",59872.0
Vishwaroopam,Action|Thriller,"Vishwanathan, a Kathak dance teacher in New York, is happy in his marriage with Nirupama, a nuclear oncologist who married him to pursue higher studies in the USA. Deciding to cut ties with her husband, Nirupama hires a private detective to monitor his activities. To her utter shock, certain truths about her husband are subsequently revealed, setting off a chain of events that will change both of their lives irreversibly.",117319.0
Petta,Action,"A hostel warden becomes the target of a dreaded politician and his gangster son, but little do they realise that it is they who should fear him.",534993.0
Billa,Action|Thriller,"The intertwined stories of an international Don in Malaysia, David Billa, chased by the cops, an Indian police officer, a woman who wants to avenge the death of her brother, and a lowly thief, Velu who shares with Billa, an unusual connection.",23767.0
Ghilli,Action|Comedy|Family|Romance,"Muthu Pandi, a village strongman, decides to marry Dhanalakshmi, and begins his quest by eliminating everyone who opposes their union - starting with both her brothers. In desperation, Dhanalakshmi decides to escape from the village, and in the process is unwittingly assisted by a university Kabaddi player Velu.",63647.0
Thalapathi,Action|Crime|Drama,"Surya, a courageous man who was raised in the slums, fights for the rights of the poor and befriends Deva, who hires him as his commander and changes his life completely.",29811.0
Jigarthanda DoubleX,Action|Drama|Comedy,A notorious gangster is incited to transform into a film hero and opts for a filmmaker and their project descends into a scenario they had never anticipated.,1007074.0
Vinnaithaandi Varuvaayaa,Drama|Romance,"A young, aspiring filmmaker falls in love with a girl who moves into the house above his, but her sophisticated nature does more harm than good to him.",37941.0
Bombay,Drama|Romance,"A Hindu man and a Muslim woman fall in love in a small village and move to Mumbai, where they have two children. However, growing religious tensions and erupting riots threaten to tear the family apart.",26247.0
Iruvar,History|Drama,"A fictionalized account of the lives of 1980s Tamil Nadu political icons M. G. Ramachandran and M. Karunanidhi, continuing the tryst between Tamil cinema and Dravidian politics.",49032.0
Lingaa,Action|Comedy|Drama,"After being turned down by the ruling Britons, the rightful heir to a famous dynasty inspires local villagers to build a dam themselves. A small-time thief reforms after learning about the role played by his grandfather in building a dam.",300425.0
24,Action|Science Fiction|Thriller,Scientist turned Entrepreneur Dr. Sethuraman tries to safeguard his newly invented time travel device from falling into the hands of his Evil Twin Brother Aathreya.,368006.0
Singam 2,Action|Comedy|Crime,"Picking up the storyline from where Singam ended, Duraisingam has gone undercover after meeting the Home Minister and is working as an NCC officer in a school in Thoothukudi. The only people who know about this operation are the Chief Minister and Home Minister apart from himself.",191735.0
Chandramukhi,Comedy|Horror|Drama,"Creepy happenings in an abandoned mansion are attributed to the ghost of an ancient courtesan, back for revenge.",53122.0
Vikram Vedha,Action|Thriller|Crime|Adventure,A notorious gangster Vedha surrenders himself to encounter specialist Vikram whom he challenges every step of the way by narrating his life events in the form of riddles that needs to be solved in order to capture him.,432139.0
Kaththi,Action|Drama,"Kathiresan aka Kaththi, a criminal, escapes from the Kolkata prison and comes to Chennai, where he comes across his doppelganger Jeevanandham, fighting for his life after being shot at by unknown men. Kathir decides to pass off as Jeeva and make away with a lump sum amount but once he realizes who Jeeva really is, Kathir turns a crusader.",263475.0
Indian,Drama|Action|Thriller,"Senapathy, an ex-freedom fighter, is angry. He is angry against the rampant corruption at every level of the bureaucracy. He will clean it up at any cost.",31521.0
Doctor,Thriller|Comedy|Action,An army doctor helps his love interest's family to find their kidnapped daughter.,673692.0
Singam,Action|Comedy|Crime,"The story, set in the backdrop of Nallore, a small town in Thoothukudi District, revolves around Sub-Inspector Durai Singam, a brave and just policeman who serves in his hometown primarily to fulfill his father’s wish. Durai Singam settles every dispute in his town patiently with his words of wisdom and resorts to force only when the situation demands it. Kavya, a city girl who comes on vacation to Nallore, falls in love with Durai Singam. Erimalai, Durai Singam's bumbling colleague and friend, often accompanies him.",62756.0
Darbar,Action|Drama|Thriller,"Aaditya, the commissioner of Mumbai Police, sets out to catch Ajay, a drug peddler. However, he uncovers a deeper controversy linked to an international drug lord and must mete out justice.",594139.0
Jigarthanda,Music|Crime|Comedy|Thriller,A budding director endeavors to research a merciless gangster for making a film on gangsterism. But his secret attempts to conduct the research fail when he gets caught for snooping.,270766.0
Jilla,Action,"A cop decides to take on his godfather, who raised him from childhood, and make him realize the error of his ways.",246087.0
Nayakan,Drama|Crime,"Velu Naicker, who witnesses the brutal murder of his father, kills a corrupt policeman and escapes to Mumbai, only to become a gangster.",29971.0
Kaala,Action|Crime|Drama,"Karikaalan consistently fights to keep the people of Dharavi, a slum in Mumbai, safe from the clutches of mighty politicians and the land mafia don, Hari Dhadha.",459008.0
Marco,Action|Crime|Thriller,"The adoptive son of the Adattu family, Marco, sets off on a ruthless quest for vengeance after his brother is brutally murdered, finding only betrayal, loss and unimaginable brutality at every step.",1186350.0
Virus,Drama|Thriller,"A real life account of the deadly Nipah virus outbreak in Kerala, and the courageous fight put on by several individuals which helped to contain the epidemic.",585261.0
All We Imagine as Light,Drama|Romance,"In Mumbai, Nurse Prabha's routine is troubled when she receives an unexpected gift from her estranged husband. Her younger roommate, Anu, tries in vain to find a spot in the city to be intimate with her boyfriend. A trip to a beach town allows them to find a space for their desires to manifest.",927547.0
The Goat Life,Drama|Adventure,"Indian migrant worker Najeeb Muhammad goes to Saudi Arabia to earn money. However, in a twist of fate, he finds himself living a slave-like existence, herding goats in the middle of the desert.",472221.0
Aavesham,Comedy|Action,Three college freshmen in Bangalore befriend an eccentric gangster to get revenge on their senior bullies.,1084812.0
Premalu,Romance|Comedy,"Sachin, a carefree graduate, crosses paths with Reenu, a spirited IT professional, in Hyderabad. As their friendship deepens, unspoken feelings, career ambitions and life choices challenge their bond.",1149791.0
Hridayam,Romance|Drama,"Arun and Darshana are first-year engineering students and they fall in love soon after their college begins. And just as how things work generally in teenage, the road ahead isn't too easy for them. Life offers many twists and turns that they least expect.",653221.0
RDX: Robert Dony Xavier,Action|Drama,"Once-menacing, anger fueled, trained martial arts fighters Robert, Dony and Xavier settle down to peaceful lives, after a significant event prompts them. Fate orchestrates their reunion and return from exile to their fighting ways, when their history linger ominously and one of them faces a violent attack.",997391.0
Neelakasham Pachakadal Chuvanna Bhoomi,Adventure|Thriller|Romance,"Kasi and Suni are close friends who studied together in an engineering college. Assi, who comes to Kerala to study engineering under the North East quota falls in love with Kasi. Certain incidents that follow set Kasi and Suni on a road trip to Nagaland on two motorcycles. The incidents that happen during this road adventure forms the film.",209419.0
Kishkindha Kaandam,Thriller|Mystery|Drama|Adventure,"Strange events unfold in a monkey-inhabited village, driving a newlywed couple and forest officials to embark on a mission to uncover the root of the unusual disturbances.",1025125.0
Jana Gana Mana,Crime|Thriller|Drama,"After the mysterious death of a college professor triggers nationwide protests, a police officer’s pursuit of justice unravels layers of political manipulation and moral conflict, exposing how truth and power collide in the pursuit of justice.",792358.0
Manjummel Boys,Adventure|Thriller|Drama,"Manjummel Boys, based on a real story, is about a bunch of friends who set out on a trip to Kodaikanal and the events that occur there.",1069945.0
Neram,Comedy|Thriller|Drama|Action,"Mathew is a graduate in software engineering, but is now jobless. He is waiting for his good time to get a good job. Mathew has borrowed some money as loan. Now he cannot give it back as he has no job.  Mathew's childhood friend Jeena Johnykkutty is ready to help him as she could. She has a job. Her father Johnykkutty does not like Mathew and he always tries to trouble Mathew whenever he gets a chance.  At this time Mathew's good time arrives; but along with it many problems too. The gripping events that follow plot the rest of 'Neram'.",190742.0
Ohm Shanthi Oshaana,Comedy|Romance,"Pooja Mathew, a spirited young girl, wants to have a love marriage in her life. Thus, she stops at nothing to impress Giri, who saved her once from a group of unruly men.",257160.0
Trance,Thriller|Drama,A disheartened motivational speaker gets hired by a corporate to become a preacher until his live stint on television puts him and his service under the scanner.,590077.0
Kammatti Paadam,Drama|Action,"Krishnan, who has been living away from his family and friends in Mumbai, gets a call from his friend Ganga in Kerala, out of the blue. He senses danger, and leaves for Kammattipadam, where both of them grew up.",398786.0
Romancham,Horror|Comedy,"Set in 2007, at Bengaluru, A game of Ouija board goes hilariously wrong when seven bachelors unexpectedly invite a spirit and try to make the best out of the situation.",976121.0
Malik,Thriller|Drama|Action|Crime|Adventure,"A past ridden with crime, death and pain is recounted to Freddy, a juvenile criminal, who has been assigned to eliminate his estranged uncle Sulaiman, an aging patriarch, while behind bars.",665133.0
Jallikattu,Action|Thriller|Crime,An escaped buffalo triggers a frenzy of ecstatic violence in a remote village.,564704.0
Joji,Drama|Crime,"Joji, an engineering dropout and the youngest son of a rich family lives with his aspirations of becoming super wealthy. Driven by greed and blind ambition, he decides to execute his plans following an unexpected event in the family.",791779.0
Maheshinte Prathikaaram,Comedy|Drama,"Mahesh, a studio photographer and owner of the studio. As the story moves on, Mahesh encounters an anonymous fight ending up with taking revenge that leads to certain realizations in his life.",381691.0
Pulimurugan,Action|Adventure,"Murugan, with his tools and expertise, protects Puliyoor's villagers from deadly tiger attacks. However, Daddy, an illegal drugs dealer, takes advantage of Murugan's innocence and wrongly frames him.",353501.0
Angamaly Diaries,Action|Comedy|Thriller,Six young friends in the small town of Angamaly tries their luck by starting a pork business lead by Vincent Pepe. They initially strike a business deal with Rajan and Ravi despite the duo having killed a close friend of theirs in a gang fight. Vincent is in love with Sakhi and plan to immigrate abroad with her. But their plans hit a road bump as the deal with the gangsters hits some road bumps.,442000.0
Take Off,Drama|Thriller|War,"A group of Malayali nurses stranded in Iraq, must survive their capture by the extremists and reach out to the rescue team headed by the Indian government.",430521.0
Thondimuthalum Driksakshiyum,Comedy|Drama|Thriller,Prasad and Sreeja are a couple planning to set up a new life in Kasargod. On a bus journey they end up being robbed by a thief also named Prasad and this lands them up in a police station.,459719.0
Helen,Drama|Thriller|Family,An ordinary suburban girl faces the biggest battle of her life when her sudden disappearance for a brief period leads to a desperate search by her loved ones.,640052.0
The Great Indian Kitchen,Drama,"After marriage, a woman struggles to be the submissive wife that her husband and his family expect her to be.",786064.0
Njan Prakashan,Comedy,"Pining for a lavish life abroad, a lazy but lovable guy next door crafts a scam to avoid a career in nursing and find a wealthy spouse to secure a visa.",564177.0
Rab Ne Bana Di Jodi,Comedy|Drama|Romance,"A lonely 40-ish man, likely to remain a bachelor, has a chance to find the love of his life when he falls for a vivacious young woman.",14072.0
83,Drama|History,"On the 25th of June 1983, the Lord’s Cricket Ground witnessed one of the biggest underdog stories in the history of sports. Fourteen inspired players - led by a man's self-belief and conviction - fought against all odds and orchestrated India’s greatest sporting triumph by beating the two-time World Champions West Indies.",601337.0
Jab Tak Hai Jaan,Drama|Romance,"Samar Anand (Shah Rukh Khan), a London-based struggling musician falls in love with Meera Thappar (Katrina Kaif). After a severe accident, a panicked Meera promises God to leave Samar if he lives. Heartbroken, Samar leaves for India to become a fearless bomb disposal expert in the army.",132316.0
Hum Saath Saath Hain,Romance|Family|Drama,"A wealthy businessman's traditional family celebrate their togetherness when his three sons get married, but slowly find themselves growing apart after a misunderstanding.",62883.0
Bhool Bhulaiyaa 2,Horror|Comedy,"When strangers Reet and Ruhan cross paths, their journey leads to an abandoned mansion and a dreaded spirit who has been trapped for eighteen years.",695962.0
Lust Stories 2,Drama|Romance,"Four eminent Indian directors explore sex, desire and love through short films in this sequel to 2018's Emmy-nominated 'Lust Stories'.",1136736.0
Bajirao Mastani,History|Romance|Drama,"Peshwa Bajirao married to Kashibai, falls in love with Mastani, a warrior princess in distress. They struggle to make their love triumph amid opposition from his conservative family.",362045.0
Tiger 3,Action|Adventure|Thriller,"Following the events of Tiger Zinda Hai, War, and Pathaan, Avinash Singh Rathore returns as Tiger but this time the battle is within. He has to choose between his country or family as an old enemy is after his life, who claims that his family was killed by Tiger. He holds Tiger captive in Pakistan as the Indian agent's loyalty towards his country faces its biggest test.",720557.0
Mujhse Shaadi Karogi,Romance|Comedy,"Sameer, fast at losing his temper is re-located to Goa where he falls in love with Rani. But Sameer's new roommate Sunny, has some plans of his own.",20495.0
Badla,Crime|Thriller|Mystery|Drama,A dynamic young entrepreneur finds herself locked in a hotel room with the corpse of her dead lover. She hires a prestigious lawyer to defend her and they work together to figure out what actually happened.,581361.0
Laal Singh Chaddha,Drama|Romance|Comedy,"Events in India's history — from the Emergency and the famous Cricket World Cup win to the Punjab riots ,  unfold from the perspective of an innocent Sikh man Laal Singh Chaddha, a person with a low IQ but high optimism. Laal is able to achieve everything under the sun but his childhood love continues to elude him.",601635.0
Ittefaq,Crime|Thriller,"Police officer Dev investigates a double murder case that has only two witnesses - an acclaimed writer Vikram and a young homemaker Maya, who also happen to be the prime suspects in the case. He finds himself being torn between their own version's of what happened on the fateful night, and takes it upon himself to figure out the real story and capture the real murderer.",464458.0
Dil Se..,Drama|Romance,"Journalist Amar falls for a mysterious woman on an assignment, but she does not reciprocate his feelings. However, when Amar is about to get married, the woman shows up at his doorstep asking for help.",21210.0
Adipurush,Action|Adventure|Fantasy,"7000 years ago, Ayodhya's Prince Raghava and Prince Sesh along with the Mighty Vanar Warriors travels to the island of Lanka with an aim to rescue Raghava's wife Janaki, who has been abducted by Lankesh, the king of Lanka.",734253.0
Kambakkht Ishq,Action|Comedy|Drama|Romance,"Simrita, a doctor, performs her first surgery on Viraj, a man she hates. She soon realises that she accidentally left her watch inside his body and must do whatever it takes to save her career.",10788.0
Simmba,Action|Comedy|Drama,A corrupt police officer enjoys all the perks of being an immoral and unethical police officer until an event which transforms his life completely and forces him to choose the righteous path.,496524.0
Zero,Romance|Drama|Comedy,"Short in stature but big on love, a bachelor meets two very different women who broaden his horizons and help him find purpose in life.",496076.0
Ek Tha Tiger,Action|Thriller|Romance,A top Indian agent is sent to observe the actions of a scientist but the mission complicates when he falls in love with the scientist's Pakistani caretaker.,85985.0
Dhoom 2,Drama|Action|Thriller|Crime,"Jai and Ali return, this time on the trail of an international thief who steals priceless artifacts and has chosen Mumbai as his next target.",14194.0
Tu Jhoothi Main Makkaar,Comedy|Romance|Family,"To earn extra cash, Mickey helps couples break up — but life gets complicated when he falls for Tinni, a career woman with an independent streak.",611359.0
Krrish 3,Action|Science Fiction,Krrish and his father must team up to save the world from a psychokinetic evil man named Kaal and his army of mutants.,204435.0
Crew,Comedy,Three ordinary air hostesses from Mumbai embark on a journey to pursue their dreams but find themselves caught up in unexpected misfortunes.,1045931.0
Kaabil,Action|Thriller|Drama,"Rohan is a kind, happy young man who has been blind since birth and works as a voice-over artist for a living. Through friends, he meets Supriya, a working woman who is also blind, but proudly independent. The two start liking each other and get married. Rohan toughest journey starts in his quest of vengeance for Supriya's indirect murderers.",403867.0
Ghulam,Crime|Drama|Action,"Sidharth (Aamir Khan), is a Mumbai 'Tapori' and a boxing champion. His elder brother, Jai (Rajat Kapoor) works with Raunak Singh (Sharad Saxena), who now rules their ""Basti"" through terrorising its people and collecting 'Hafta' from local merchants. Sidharth idolized his father, a freedom fighter, whom he saw falling to his death as a child. This effects Sidharth through his adult life. Sidharth meets a young girl, Alisha (Ranee Mukherjee), who rides with a motorcycle gang and Charlie (Deepak Tijori), the gang leader. Sidharth also meets Hari, whose idealism reminds him of his father. Hari's social work in the community possess a threat to Raunak Singh's evil empire. What happens to Hari changes Sidharth's life forever. How Sidharth breaks Raunak Singh's chains of 'Ghulami' around the community forms the crux of the story. Featuring the superhit song ""Aati Kya Khandala"" sung by Aamir Khan.",51216.0
Baadshah,Action|Comedy,A small time detective is mistaken as a CBI agent and gets embroiled in a deadly mission to save the Chief Minister from an assassination attempt.,41902.0
Billu,Comedy|Drama,"When a famous Bollywood actor visits a small village for a film's shoot, a poor hairdresser's claim that they were once childhood friends soon makes him the centre of attention.",16345.0
Koyla,Action,"A village girl agrees to a marriage to a king she has never met after he sends her a photograph of himself. But the man in the photograph is not the king but his most loyal slave, the handsome but mute Shankar.",160265.0
Aśoka,Action|Adventure|Drama|History|Romance|War,"A young Prince Asoka works to perfect his skills in battle and also deals with family conflict. During a struggle with one of his step-brothers, his mother urges Asoka to escape to stay alive. While away, Asoka meets Kaurwaki and falls in love, but must use his skills as a warrior to protect her. A dangerous and heartbreaking web of conspiracy follows, which leads Asoka to embrace a Buddhist path.",4435.0
Tiger Zinda Hai,Action|Adventure|Thriller,"When a group of Indian and Pakistani nurses are held hostage in Iraq by a terrorist organization, a renowned Indian secret agent is drawn out of hiding to rescue them.",441909.0
Fanaa,Action|Drama|Romance|Thriller,"Zooni Ali Beg is a blind Kashmiri girl who travels without her parents for the first time with a dance troupe to Delhi to perform in a ceremony for independence day. On her journey, she meets Rehan Khan, a casanova and tour guide who flirts with her. Although her friends warn Zooni about him, she cannot resist falling in love with him and he takes her on a private tour of New Delhi. But there is more to Rehan than meets the eye and Zooni will have to make a heartbreaking decision.",8453.0
Barfi!,Drama|Romance|Comedy,"The heartwarming tale of Barfi, a charming deaf-mute young man from 1970s Darjeeling, and two unalike women who can't help but fall for him.",127501.0
Attack,Action|Science Fiction|Thriller,"With the Parliament under siege, India’s first super soldier Arjun Shergill is tasked to get hold of the terrorists in time, save the Prime Minister from their clutches and stop a dirty bomb from exploding and destroying Delhi.",799155.0
Befikre,Romance|Comedy|Drama,What starts as a crazy one-night stand ends up in a relationship. But Dharam and Shyra fall out of love just as quickly. Where will life take them now?,399624.0
Don 2,Action|Thriller,"Having conquered the Asian underworld, crime boss Don sets in motion a plan that will give him dominion over Europe.",41109.0
Ok Jaanu,Drama|Romance,"Adi and Tara move to Bombay to pursue their dreams. A chance meeting sparks off a heady, no strings attached romance until their careers pull them apart. Will ambition prevail over matters of the heart?",413882.0
Bulbbul,Horror|Fantasy|Thriller,"A child bride grows up to be an enigmatic woman presiding over her household, harboring a painful past as supernatural murders of men plague her village.",714338.0
Lage Raho Munna Bhai,Comedy|Drama|Romance,"Lovable goon Munna falls for a morning radio host by the name of Jahnvi, who also runs an elders' home which an unscrupulous builder seeks to attain. In order to gain Jahnvi’s attention, he cheats his way to winning a Mahatma Gandhi radio quiz. When Jahnvi consequently expresses interest in Munna, he and his best friend Circuit attempt to keep up the facade.",21461.0
Dil To Pagal Hai,Drama|Romance|Comedy,"Rahul, the director of a successful dance troupe, considers Nisha his best friend, though secretly, she is madly in love with him. He then falls for Pooja, who is engaged to Ajay.",13986.0
Kabhi Alvida Naa Kehna,Drama|Romance,"Dev and Maya are both married to different people. Settled into a life of domestic ritual, and convinced that they are happy in their respective relationships, they still yearn for something deeper and more meaningful, which is precisely what they find in each other.",14395.0
Dil Chahta Hai,Drama|Romance,"Three inseparable childhood friends are just out of college. Nothing comes between them - until they each fall in love, and their wildly different approaches to relationships creates tension.",14752.0
Do Patti,Thriller|Drama,A puzzling investigation leads a no-nonsense cop down a dark path involving the vicious rivalry between twin sisters and the volatile man they both love.,1148172.0
Dabangg,Action|Comedy|Crime,A troubled relationship with his younger half-brother and stepfather compels Chulbul Pandey to become a corrupt but fearless cop whose life changes when he locks horns with a corrupt political leader.,44425.0
Dream Girl,Romance|Comedy,"Desperate to find employment, Karam picks up a job as ‘Pooja’ at a call center for sex chats, keeping most people in his life in the dark about the nature of his work. How long can he keep it up before everyone including his girlfriend and father find out?",579224.0
Gangs of Wasseypur - Part 2,Crime|Thriller|Action,"After the death of his father and brother Danish, Faizal Khan vows to take revenge by destroying Ramadhir Singh's gang.",126400.0
Fan,Action|Adventure|Thriller,"A man who bears a striking resemblance to a renowned movie star becomes an obsessive fan, but when his fierce love is spurned by the star, he decides to destroy the star's life and reputation.",377985.0
Pink,Drama|Thriller,"After being molested, Minal and her friends try to file an FIR against a politician's nephew. When the subsequent case gets rigged, a retired lawyer helps them to fight the case.",415358.0
Masaan,Drama,"Four lives intersect along the Ganges: a low caste boy in hopeless love, a daughter ridden with guilt of a sexual encounter ending in a tragedy, a hapless father with fading morality, and a spirited child yearning for a family, long to escape the moral constructs of a small-town.",336203.0
Baby,Action|Thriller,A nascent elite team of the Indian intelligence system perpetually strives to detect and eliminate terrorists and their plots. Officer Ajay leads his team to destroy one such potentially lethal ploy in their biggest operation yet.,314389.0
Gunday,Action|Crime|Drama,"The lives of Calcutta's most powerful gangsters - Bikram and Bala, changes when Nandita enters it. Then a counter-force takes charge and a thriller unfolds.",250551.0
Cocktail,Romance|Drama|Comedy,"A shy simple traditional girl leaves her family in India for her new husband in London, where she meets a shameless flirt and a complicated party girl.",118051.0
Mujhse Dosti Karoge!,Romance|Comedy|Drama,"A man falls in love with his childhood friend, but another friend is the one who reciprocates his feelings.",26277.0
Badmaash Company,Crime,Four young friends decide to work together when one of them comes up with an innovative and lucrative business plan. But their lives begin to deteriorate when their personal issues surface.,37822.0
Main Tera Hero,Romance|Comedy,"Seenu loves Sunaina but they're chased by a stalking cop, an infatuated beauty and her mafia don dad - can Seenu's heroics work?",262903.0
Dil Bechara,Drama|Romance,"Kizie and Manny, two ordinary people brought together by a tragic twist, embark on a bittersweet and extraordinary journey into the heart of that crazy little thing called 'life'.",645484.0
Sanam Teri Kasam,Drama|Romance,"Tough ex-convict Inder and traditional mousy Saraswati fall in love and get married, but a tragedy changes their lives forever. The film is a modern rendition of the legends of Shiva-Sati and the novel ""Love Story"" by Eric Segal.",381418.0
Goliyon Ki Raasleela Ram-Leela,Drama|Romance,Ran and Leela are passionately in love with each other. The only problem is that their respective clans have been enemies for 500 years.,235984.0
Hum Aapke Hain Koun..!,Drama|Romance|Music|Family,"Prem and Nisha meet and fall in love at the wedding of their elder siblings, but their plans to be together are put in jeopardy when Nisha's sister dies, leaving behind a baby.",46387.0
Kites,Drama|Action|Romance,"A wounded man searches for his sweetheart in the Mexican desert while on the run from the police, bounty hunters, and others.",37737.0
Kick,Action|Romance|Comedy|Crime,"An adrenaline junkie walks away from a whirlwind romance and embraces a new life as a thief, though he soon finds himself pursued by veteran police officer and engaged in a turf war with a local gangster.",280690.0
Jaane Jaan,Crime|Thriller|Drama,"When a single mother her teenage daughter becomes ensnared in a deadly crime,  find an unexpected ally in their neighbor, a simple, doting but genius teacher math teacher comes to aid, while a tenacious cop digs into the case.",950071.0
Satya,Crime|Drama,"A young man named Satya comes to Mumbai from South India in search of a job. Jailed for something he did not do, the once-honest young man meets an underworld boss, Bhiku Mhatre in jail and joins his gang.",21502.0
Housefull,Comedy|Romance,"Believing himself to be a jinx and bringing bad luck upon himself and others, a man attempts to find true love, but ends up in very complicated relationships.",58051.0
Chalte Chalte,Comedy|Drama|Romance,A man pursues a woman who is already engaged and eventually gets married to her. Differences between the two lead to a bitter separation that threatens to destroy their relationship forever.,4252.0
Gadar: Ek Prem Katha,Action|Drama|Romance|History,"During the partition, Tara marries Sakina and they live a happy life. However their happiness is short-lived when Sakina's father forces her to stay in Pakistan and separates her from her family.",80156.0
Ludo,Crime|Comedy,"Ludo is about the butterfly effect and how, despite all the chaos and crowd of the world, all our lives are inextricably connected. From a resurfaced sex tape to a rogue suitcase of money, four wildly different stories overlap at the whims of fate, chance and one eccentric criminal.",658412.0
Stree 2,Horror|Comedy,"Following the events of 'Stree', the town of Chanderi is being haunted again. This time, women are mysteriously abducted by a terrifying headless entity. Once again, it's up to Vicky and friends to save their town and loved ones.",1112426.0
Tees Maar Khan,Comedy|Crime,A con artist poses as a film director in a village with the intention of executing a caper with the unwitting help of the villagers.,46040.0
Mardaani 2,Action|Crime|Thriller,Officer Shivani Shivaji Roy is stationed at Kota where she goes against a ferocious serial killer who rapes and murders women.,591101.0
Shivaay,Adventure|Action|Drama|Thriller,"Shivaay , a fearless Himalayan mountaineer covered in Lord Shiva tattoos, heads to Bulgaria to fulfill his nine-year-old daughter Gaura’s  wish of seeing her mother Olga, who abandoned them years ago. But their plan goes for a toss when the little girl gets kidnapped in the foreign land. Rescuing her from the masked child-traffickers becomes his only reason for survival.",370992.0
Gangs of Wasseypur - Part 1,Action|Thriller|Crime,"In 1970s India, Sardar Khan vows to take revenge on the man who killed his father decades earlier.",117691.0
Mother India,Drama,"A poverty-stricken woman raises her sons through many trials and tribulations. But no matter the struggles, always sticks to her own moral code.",917.0
"Monica, O My Darling",Crime|Comedy|Drama|Mystery|Thriller,"A slick robotics expert joins a murderous plot after a passionate affair takes a sudden turn, but nothing — not even death — is what it seems to be.",915831.0
Ajab Prem Ki Ghazab Kahani,Romance|Comedy|Action,"When his love interest doesn't show up for a meeting, a man and his friends go to Goa in order to find her, where they discover she loves someone else.",24827.0
English Vinglish,Comedy|Drama|Family,"In the United States for the first time, an Indian housewife with a limited command of English turns Manhattan into her personal language school.",118628.0
Bang Bang!,Action|Adventure|Comedy|Romance|Thriller,"A young bank receptionist gets mixed up with Rajveer Nanda, a man who has a mysterious background.",283589.0
Wanted,Action|Comedy|Crime|Thriller,"Radhe is a hardcore gangster. A sharpshooter with a sharp brain, he works for Gani Bhai, the dreaded Mafioso, but on his own terms. Totally fearless, Radhe single handedly eliminates Gani Bhai's enemies one by one; making more enemies than he bargained for.",22717.0
Tamasha,Romance|Drama|Comedy,"Meeting while on vacation, Ved and Tara sense a connection but vow to keep their real identities a secret. Years later, their paths cross again.",339274.0
Jigra,Action|Drama|Thriller,"When Ankur is wrongfully imprisoned and sentenced to death in a foreign country, his steely sister Satya is driven by a lethal resolve to break him free.",1184889.0
Mission Mangal,Drama|History,A team of Indian scientists at ISRO (Indian Space Research Organisation) take on the extraordinary task of successfully sending a satellite into the orbit of planet Mars in a country's maiden attempt.,611594.0
Mimi,Comedy|Drama,"An aspiring actress in a small town in Rajasthan agrees to bear a child for a visiting couple seeking a surrogate mother, but her experience takes an unexpected turn when they refuse to have the child anymore.",653457.0
Lost Ladies,Comedy|Drama|Romance,"In 2001, somewhere in rural India, two young brides get accidentally swapped on a train. In the ensuing chaos, they both encounter a host of colourful characters, resulting in hilarious and unexpected consequences.",1163194.0
Baaghi 3,Action|Adventure|Thriller,A man embarks on a bloody rampage to save his kidnapped brother.,594669.0
Awaara,Drama|Music|Romance,"A petty thief is put on trial for the attempted murder of a lawyer. Through a series of flashbacks, the intertwining lives of the thief, the lawyer, and the thief's defense lawyer are illustrated.",39039.0
Tanhaji: The Unsung Warrior,Action|Drama|History,"When Aurangzeb recruits his trusted soldier Udaybhan to control the Kondhana fort, Shivaji's military leader Tanhaji Malusare and his army of Maratha warriors set out to recapture the fortress.",584850.0
Dishoom,Comedy|Action,"When India's top cricketer is kidnapped in the Middle East, a loose cannon and a rookie cop are tasked with finding him before the high-stakes match with Pakistan.",393441.0
Happy New Year,Action|Comedy|Crime|Adventure,Six would-be thieves enter a prestigious dance competition as a cover for their larger goal of pulling off a major heist.,277432.0
Nadaaniyan,Romance|Comedy|Drama,A privileged Delhi socialite hires a middle-class student to pose as her boyfriend to maintain her social status. Their pretense becomes complicated when genuine feelings develop between them.,1216780.0
Prem Ratan Dhan Payo,Romance|Drama|Action,"While recovering from an assassination attempt four days before his coronation, a stern prince is replaced by a romantic lookalike.",362136.0
Kahaani,Mystery|Thriller,"Pregnant and alone in the city of Kolkata, a woman begins a relentless search for her missing husband, only to find that nothing is what it seems.",82825.0
Teri Baaton Mein Aisa Uljha Jiya,Romance|Comedy|Science Fiction,A robotics engineer searching for his perfect partner finds himself falling in love with a human-like android.,1110390.0
Raabta,Romance|Thriller,"An inseparable couple Saira and Shiva find themselves in a complicated situation when a stranger claims to be her reincarnated lover from their previous lifetime, hellbent on destroying their relationship and winning her back.",456562.0
Bhediya,Horror|Comedy,"Inspired by legendary folklore rooted in Arunachal Pradesh, Bhediya tells the story of Bhaskar, a man who gets bitten by a mythical wolf and begins to transform into the creature himself. As Bhaskar and his ragtag buddies try to find answers, he is worried that the monster in him will wipe out human existence in the local town.",799177.0
Ek Villain Returns,Action|Crime|Thriller,"When a singer goes missing amid a serial killing spree, a cabbie and a businessman's son cross paths in a twisted tale where good and evil is blurred.",682401.0
Saawariya,Drama|Music|Romance|Family,"Two souls arrive in a small town, one on vacation, the other to meet a lover. They spend the most magical dream-like days of their lives in that town... with each other.",16283.0
2 States,Comedy|Romance|Drama,"A man and a woman come from two very different cultural backgrounds, and decide that they won't get married until they convince their parents. As feared, differences between the families pose a hurdle.",259720.0
Amar Akbar Anthony,Action|Comedy|Drama|Music|Crime,"Three brothers, each raised in different religious households, reunite after many years in a chance encounter. They set out to take revenge on those responsible for separating them.",38022.0
The Legend of Bhagat Singh,Crime|Drama|History,"Born in British India, Bhagat Singh witnesses numerous atrocities during his childhood and grows up to become one of the most fearless freedom fighters in the country.",31525.0
Jodhaa Akbar,Romance|History|Drama,A sixteenth century love story about a marriage of alliance that gave birth to true love between a Mughal emperor and a Rajput princess.,14073.0
Student Of The Year,Comedy|Drama|Romance,Several alumni reminisce about their final year at St. Theresa's College and the events that shaped their lives.,138122.0
Rang De Basanti,Comedy|Drama|History|Romance,"After a group of friends graduate from Delhi University, they listlessly haunt their old campus, until a British filmmaker casts them in a film she's making about freedom fighters under British rule. Although the group is largely apolitical, the tragic death of a friend owing to local government corruption awakens their patriotism. Inspired by the freedom fighters they represent in the film, the friends collectively decide to avenge the killing.",7913.0
Stree,Horror|Comedy,"Set in the town of Chanderi, Stree is based on the urban legend of Nale Ba that went viral in Karnataka in the 1990s, and features Shraddha Kapoor and Rajkummar Rao in pivotal roles.",533991.0
Andaz Apna Apna,Comedy|Romance|Family,Two slackers competing for the affections of an heiress inadvertently become her protectors from an evil criminal.,58128.0
Dhadak,Romance|Drama|Comedy,"Madhukar and Parthavi fall head over heels in love with each other, but the fact that they belong to different castes of society, becomes an obstacle in their romance. The lovers dare to go against societal norms and battle all odds for the sake of love.",504080.0
Talvar,Thriller|Drama|Mystery,A hardened cop deals with three conflicting perspectives involving a brutal double murder. The case is complicated as the prime suspects are the parents who supposedly killed their teenage daughter.,353464.0
Paheli,Romance|Drama|Fantasy,"Kishanlal marries the beautiful Lachchi, but the day after the wedding, he leaves on business for five years. When Kishanlal reappears only a few days later, Lachchi is delighted, but this new Kishanlal is in fact a spirit who has taken the form of Lachchi's husband, after having seen her by chance and fallen in love with her. Four years later, the real Kishanlal returns and the townsfolk must determine who is who.",33081.0
M.S. Dhoni: The Untold Story,Drama,"Based on the life story of Mahendra Singh Dhoni, and his journey to being the world cup winning captain of the Indian cricket team.",388333.0
Chandni Chowk to China,Action|Adventure|Comedy,A cook from Chandni Chowk gets mistaken for the reincarnation of an ancient peasant warrior by the residents of an oppressed Chinese village.,20002.0
Mughal-e-Azam,Drama|Romance,"In the 16th century, when Prince Salim falls in love with a beautiful courtesan named Anarkali, Emperor Akbar's disapproval leads to a battle between father and son.",44519.0
Brothers,Action|Drama,"David and Monty, estranged half-brothers, train in mixed martial arts to earn a livelihood. However, things change when the two are forced to compete against each other in the final tournament.",330037.0
Badlapur,Crime|Thriller|Action|Drama,"After his wife and son are killed, a young man finds out the man behind the murder and fights against him, along committing some big mistakes.",323517.0
Masti,Comedy|Crime|Mystery,"Three henpecked friends try to escape their unhappy marriages by seeking out some extramarital fun, only to end up being blackmailed.",76684.0
Dhol,Comedy,"Pankaj , Gautam, Sameer and Martand are roommates in Pune who are bound together by their ambition to make it big in life with the least effort possible. Each one tries his hand at finding a shortcut to success but ends up being in even deeper trouble. Things get worse when the four decide to take a loan at high interest which they are unable to pay back. They believe that the only way to get rich without working hard is to marry the wealthy girl in their neighborhood and each of the four friends embark on their individual plans to woo her.",19418.0
Singham,Drama|Action|Crime,"An honest, small town cop is transferred to a big city that is controlled by a crime boss that he had once humiliated.",70590.0
Biwi No.1,Comedy|Drama|Romance,"Two adorable kids, a quirky mother-in-law and a happy-go-lucky friend help a heartbroken wife bring a straying husband back from the other woman's tangled embrace.",161226.0
Captain Miller,Action|War,"In the 1930s, during the British Raj, Analeesan ""Eesa"", a former soldier of the British Indian Army called Captain Miller, is on a mission to protect the people from the British after witnessing an atrocity.",962074.0
7Aum Arivu,Action|Science Fiction|Thriller,A genetic engineering student tries to bring back the skills of a legend of the past and use his skills to save India from a deadly virus attack by China.,86718.0
Anbe Sivam,Comedy|Drama,"Anbarasu, young and arrogant, and Nallasivam, damaged - physically but not spiritually - by life, are thrown together by circumstances, and find that they are in some ways bound together by fate.",26910.0
Hey Ram,History|Drama|Crime,Saketh Ram's wife is raped and killed during direct action day riots in Calcutta. He is convinced that Mahatma Gandhi is responsible for all the problems happening in the country. He sets out to kill him.,60579.0
Irudhi Suttru,Drama,"A grumpy boxing coach takes on a young, rebellious woman under his wings and starts training her for the world championship. But their biggest battle has to be fought outside the ring.",357706.0
Love Today,Comedy|Romance,A young couple is made to exchange their phones for a day. What follows is a hilarious and emotional sequence of events that puts their lives in misery.,1032627.0
Baasha,Action,"Auto rickshaw driver Manickam avoids violence at all costs. When some thugs begin to intimidate Manickam's family, it triggers the revival of Manickam's old self.",49074.0
Mankatha,Action|Thriller,"Vinayak, a suspended cop, helps a group of four men rob cricket betting money amounting to 500 crores INR. When it comes to splitting the amount, betrayal hits the team hard and a chase ensues.",76788.0
Theeran Adhigaaram Ondru,Action|Thriller,A hardnosed cop goes after a gang of ruthless dacoits who have been terrorising residents along the highway for a decade.,456218.0
Spyder,Action|Thriller|Crime,A surveillance expert who wants to help people comes across a foe who is the very definition of evil. Can he stop the man before he destroys everything?,452447.0
Maari,Action,"A feared local rowdy, known for his dominance in the streets and pigeon racing, finds himself at odds with a newly appointed police officer. As tensions rise, hidden motives and betrayals unfold, shaking the balance of power in the neighborhood.",311166.0
Jagame Thandhiram,Crime|Drama,"When a clever, carefree gangster is recruited to help an overseas crime lord take down a rival, he is caught off guard by the moral dilemmas that follow.",656113.0
Velaiyilla Pattathari,Drama|Comedy|Action,"Raghuvaran, who is unemployed for years, gets his dream job but a powerful rival is keen to put him down. Can he take on his adversary?",262970.0
Thani Oruvan,Thriller|Action,An idealistic cop and an ambitious scientist-businessman indulge in a high-stake battle of wits.,280165.0
Rocketry: The Nambi Effect,Drama|History,"The story of the great Indian rocket scientist, Shri Nambi Narayanan's life, a true patriot, who was turned into a villain in the blink of an eye after being falsely accused of treason.",607145.0
Ko,Action|Thriller,"Ashwin is a photographer, covering the upcoming elections for a newspaper. His life gets entangled with politics when one of his published photographs upsets a corrupt political party.",63654.0
Star,Drama|Romance,"Follows a youngster Kalai and his aspirations of becoming a 'Star' in the Tamil Film Industry. Born in a lower-middle-class family, will Kalai overcome all his struggles to emerge as a Star?",1276338.0
Kaaka Muttai,Drama,Two slum kids yearn to taste a pizza after being enticed by the pizza shop that has opened near their locality. What happens when they manage to find the money to buy one?,264038.0
Roja,Drama|Action|Romance,"Roja, a simple girl from a village in Tamil Nadu, makes desperate efforts to find her husband, Rishi, after he is kidnapped by militants during a secret undercover mission in Kashmir.",21463.0
Vaaranam Aayiram,Drama|Romance,"A son deals with the death of his father and examines how their relationship influences him through growing up, romance, tragedy and adventure.",38637.0
Dasavatharam,Action|Adventure,Bio-technologist Govind K Somaiyya sets about on a precarious journey to India to retrieve a vial containing a deadly virus and prevent it from reaching the wrong hands of an ex-CIA agent and deadly assassins.,17888.0
Aadukalam,Action|Drama|Thriller,"Pettaikaaran is famous in his town for an impeccable track record of successes in rooster fights. When one of his aides, Karuppu, goes against his word in a fight, it leads to an enmity between them.",68016.0
Raja Rani,Romance|Comedy|Drama,"John and Regina, who dislike each other, are forced to get married and lead troubled lives. However, things take a turn when the couple suffers a sudden tragedy.",224330.0
Thalaivaa,Action|Drama|Thriller,A mafia don sends his son out of the country because he doesn't want even a shadow of his life falling on him. Destiny wills otherwise. The son makes an innocuous trip to Mumbai to visit his dad. And ends up filling his father's large shoes.,202616.0
Vivegam,Action|Thriller,"A group of counter-terrorism agents are brought in to track down a man who was once the head of their squad, and is believed to have gone rogue.",438731.0
O Kadhal Kanmani,Romance|Drama,"Aadi and Tara fall in love but both hate the idea of marriage and plan to separate when their lives take them to different countries. However, as they grow closer, their emotions are not easily managed.",329135.0
Kannum Kannum Kollaiyadithaal,Romance|Comedy|Drama,Two wily online scammers mend their fraudulent ways after meeting the girls of their dreams — until a deceitful discovery throws their world for a loop.,505951.0
Velayudham,Action,An ordinary milkman is forced to become the fictional character Velayudham who takes on the scum of the earth.,63634.0
3,Drama|Romance,"Ram and Janani are high school sweethearts who eventually get married. However, Janani is mystified when Ram commits suicide all of a sudden and she tries to find out the truth behind his death.",79660.0
DSP,Action|Drama,"A flower seller's son ends up in a tussle with a ruthless rowdy in Dindigul, forcing him to become a policeman and fight the odds.",806920.0
Imaikkaa Nodigal,Action|Thriller|Drama|Crime,A CBI officer goes in search of a ruthless serial killer. Things get worse when the murderer targets the former and her family,415193.0
Pariyerum Perumal,Romance|Drama,"A law student from a lower caste begins a friendship with his classmate, a girl who belongs to a higher caste, and the men in her family start giving him trouble over this.",462718.0
Bairavaa,Action,A loan recovery agent takes on a corrupt head of an educational institution to save his girlfriend.​,411717.0
Kabali,Action|Crime|Drama,A gangster in Malaysia goes in search of his family after 25 years of imprisonment.,366080.0
Naai Sekar Returns,Comedy,"Naai Sekar, who decides to make money by kidnapping dogs, learns about his pet dog which was taken away from their family during his childhood. Can he rescue his dog, which is considered as a lucky charm?",882397.0
Pizza,Thriller|Comedy|Romance|Horror,"Michael, a pizza delivery boy, lives with Anu, an aspiring horror fiction writer. One day, on a delivery run, he goes to a bungalow, where mysterious events begin to unfold.",139357.0
Yennai Arindhaal,Thriller|Action,"Sathyadev, who is on a career break, is forced to put on his cop shoes ones again to save Thenmozhi, a young woman who is the target of a criminal organ harvesting group, led by a ghost from his past.",300983.0
Vedalam,Action,"Ganesh, a cab driver and a doting brother to his sister Tamizh, is hunting down three notorious criminals in Kolkata. Who is he actually and what's his motive?",362150.0
The Elephant Whisperers,Documentary,"Bomman and Bellie, a couple in south India, devote their lives to caring for an orphaned baby elephant named Raghu, forging a family like no other.",1041580.0
Dhuruvangal Pathinaaru,Thriller|Action|Crime|Mystery,A former cop looks back on the case which left him disabled and forced him to quit the force.,414523.0
Game Over,Thriller|Mystery|Drama,"Swapna, a nyctophobic game designer on a turbulent road to recovery from an incident that scarred her deeply, has to fight her inner demons to stay alive in the game called life.",553456.0
Thupparivaalan,Action|Crime|Thriller,Detective Kaniyan Poonkundran is hungry for a challenging case to investigate and the mystery of a murdered dog leads to a rival who could be the match for him.,410481.0
U Turn,Thriller|Horror|Crime,"When a flyover in the city becomes the hotbed of accidents, a young reporter decides to investigate the issue. Her quest for an answer would lead her into a web of intrigue, murder and mystery.",535657.0
Hello,Romance|Drama,"Chandru's friends make fun of him as he does not have a girlfriend. He points out at a girl claiming that she is his girlfriend, due to which a number of unfortunate events take place in her life.",277875.0
Chekka Chivantha Vaanam,Action|Crime|Thriller,A bloody power struggle erupts between three brothers who are vying to take over the family business following the death of their father.,504184.0
Soodhu Kavvum,Comedy|Thriller|Crime,Dass specialises in small time kidnapping and has his own set of rules. The primary and most important among them is not to get involved with influential people. Three jobless youngsters meet Dass and the four take up an assignment for a hefty sum that throws away this primary rule and end up being chased by a dreaded policeman.,189227.0
Maanagaram,Thriller|Action,"Upon moving to Chennai, four lives get intertwined as they strive to achieve success in the city. However, when a vicious gangster threatens them, the group must work together to defeat him.",412096.0
Aruvi,Drama,A gentle girl born and brought up amidst the ever growing eco-social-consumeristic environment finds it difficult to fit in the society. She decides to take it hard on the people.,423191.0
